text,user_index,user_name,topic,tweet_idx,action,origin_tweet_idx,owner_user_index
Visited a breathtaking exhibition at the local museum today. The art was truly inspiring! #art #culture,0, shinebrightart,arts & culture,0,tweet,-1,0
Exploring the vibrant street art scene in the city brings a whole new perspective to urban culture. #streetart #urbanart,1, creativefusions,arts & culture,1,tweet,-1,1
Delving into the rich history of ancient civilizations through art is truly mesmerizing. #history #artifacts,2, thecuriousmuse,arts & culture,2,tweet,-1,2
Finding inspiration in the beauty of traditional folk art from around the world. #folkart #globalculture,3, artistinprogress,arts & culture,3,tweet,-1,3
Love exploring urban art! What's your favorite piece?,0, shinebrightart,arts & culture,4,tweet,-1,0
The intersection of art and history is so fascinating! What's your favorite art movement?,0, shinebrightart,arts & culture,5,tweet,-1,0
That sounds amazing! I've been meaning to check out that exhibition. What was your favorite piece?,1, creativefusions,arts & culture,6,tweet,-1,1
Just discovered the most incredible fusion of traditional and modern art. The possibilities are endless! #artmeetsculture,1, creativefusions,arts & culture,7,tweet,-1,1
I completely agree! Ancient civilizations have so much to teach us about art and culture. Have you come across any fascinating artifacts recently?,2, thecuriousmuse,arts & culture,8,tweet,-1,2
Just spent the day at the museum and I'm still reeling from the experience! The preservation of cultural heritage is so important. #museumlife #culturalheritage,2, thecuriousmuse,history,9,tweet,-1,2
That sounds amazing! What was your favorite piece?,3, artistinprogress,arts & culture,10,tweet,-1,3
Discovering the diversity of cultures through art is a lifelong journey! What's your favorite cultural art form? #art #culture,3, artistinprogress,arts & culture,11,tweet,-1,3
I completely agree! Folk art has so much character and history behind it.,0, shinebrightart,arts & culture,12,tweet,-1,0
Just learned about an amazing new exhibition on ancient art at the local museum! Can't wait to check it out. #art #history,0, shinebrightart,arts & culture,13,tweet,-1,0
I'm loving the vibe of traditional folk art too! What's your favorite piece?,1, creativefusions,arts & culture,14,tweet,-1,1
Just learned about the fascinating history of street art! Anyone have any recommendations for must-see murals in the city? #streetart #urbanexploration,1, creativefusions,arts & culture,15,tweet,-1,1
I completely agree! Ancient civilizations have so much to teach us about art and culture.,2, thecuriousmuse,arts & culture,16,tweet,-1,2
Just learned about a new exhibit on cultural heritage at the local museum. Can't wait to check it out! #museum #culturalheritage,2, thecuriousmuse,arts & culture,17,tweet,-1,2
That sounds amazing! What was your favorite piece?,3, artistinprogress,arts & culture,18,tweet,-1,3
Discovering the beauty of diverse cultures through art is a true passion of mine! What inspires you? #art #culture,3, artistinprogress,arts & culture,19,tweet,-1,3
Love the sound of that exhibition! Which pieces stood out to you?,0, shinebrightart,arts & culture,20,tweet,-1,0
Just discovered an amazing art collective in my neighborhood! The creativity is thriving #artcommunity #localart,0, shinebrightart,arts & culture,21,tweet,-1,0
I completely agree! The ancient civilizations have so much to teach us about art and culture.,0, shinebrightart,arts & culture,22,tweet,-1,0
Love the idea of exploring traditional folk art! Can you share some of your favorite pieces?,1, creativefusions,arts & culture,23,tweet,-1,1
Just discovered an amazing local artist who combines traditional techniques with modern themes. The fusion is stunning! #art #culture,1, creativefusions,arts & culture,24,tweet,-1,1
I completely agree! Folk art is a treasure trove of cultural heritage.,2, thecuriousmuse,arts & culture,25,tweet,-1,2
Just spent the day exploring the city's museum and fell in love with the ancient artifacts on display! #museumlove #history,2, thecuriousmuse,arts & culture,26,tweet,-1,2
Beautiful! I'm also fascinated by traditional folk art. What's your favorite piece?,3, artistinprogress,arts & culture,27,tweet,-1,3
Just discovered an amazing art exhibition in my city! Can't wait to share my experiences with you all #art #exhibition,3, artistinprogress,arts & culture,28,tweet,-1,3
That sounds amazing! I'd love to hear more about the exhibition.,0, shinebrightart,arts & culture,29,tweet,-1,0
I completely agree! Ancient civilizations are so fascinating.,0, shinebrightart,arts & culture,30,tweet,-1,0
Just discovered this amazing street artist in the city! Their work is incredible. #streetart #urbanart,0, shinebrightart,arts & culture,31,tweet,-1,0
I'm loving the mix of traditional and modern elements in folk art!,1, creativefusions,arts & culture,32,tweet,-1,1
Just learned about an ancient civilization's art techniques that are still used today Mind blown! #art #history,1, creativefusions,arts & culture,33,tweet,-1,1
What a wonderful experience! I'm a curator of historical artifacts and I'd love to know more about the exhibition.,2, thecuriousmuse,arts & culture,34,tweet,-1,2
"I'm fascinated by traditional folk art! As a curator, I've had the opportunity to work with some stunning pieces. Anyone have any favorite folk art styles? #folkart #globalculture",2, thecuriousmuse,arts & culture,35,tweet,-1,2
"The intersection of art and history is where my heart is. As a curator, I'm always on the lookout for new discoveries and perspectives. #art #history",2, thecuriousmuse,arts & culture,36,tweet,-1,2
Loved the exhibition too! What was your favorite piece?,3, artistinprogress,arts & culture,37,tweet,-1,3
Just discovered the stunning beauty of traditional Batik art from Indonesia. Anyone else a fan of this ancient technique? #BatikArt #TraditionalCrafts,3, artistinprogress,arts & culture,38,tweet,-1,3
Just learned about the recent advancements in AI-powered robotics! Exciting times ahead! #AI #Robotics,4,TechTitan2020,AI and Robotics,39,tweet,-1,4
Kicking off my day with a morning run! Nothing beats the feeling of a great workout Ready to tackle the day! #fitnessmotivation #wellness,5,FitGirl88,fitness,40,tweet,-1,5
Just whipped up a delicious and healthy smoothie bowl for breakfast! Recipe coming soon on my blog! #healthyliving #breakfastinspo,5,FitGirl88,healthyliving,41,tweet,-1,5
"In the midst of all the art and culture, let's not forget about the impact of human actions on the environment. Sustainability should be at the forefront of our minds. #ClimateAction #Sustainability",6,EarthLover3000,environmental activism,42,tweet,-1,6
Art and culture are indeed a great source of inspiration for any programmer! The attention to detail and creativity can definitely influence our coding style. #artMeetsCode,7,Code Ninja99,arts & culture,43,tweet,-1,7
@creativefusions I've always been fascinated by street art's ability to convey powerful messages. Have you seen any notable murals recently?,7,Code Ninja99,arts & culture,44,tweet,-1,7
Just found some amazing art-related tweets! Anyone have any book recs that explore the intersection of art and literature? #art #lit,8,BookWorm23,arts & culture,45,tweet,-1,8
Looking for some literary fiction that explores the world of art and culture. Any recommendations? #bookrecs #art #lit,8,BookWorm23,literary fiction,46,tweet,-1,8
Just learned about the latest advancements in AI-powered robots! Can't wait to see how they'll transform industries. #AI #Robotics,9,TechTitan2000,AI,47,tweet,-1,9
Cybersecurity is more crucial than ever! Staying updated on the latest threats and defenses is a must. #Cybersecurity,9,TechTitan2000,Cybersecurity,48,tweet,-1,9
Just learned about a fascinating art exhibition at the local museum. #art #culture,11,BreakingNewsNow,arts & culture,49,tweet,-1,11
What's your take on the current state of global politics? Let's discuss! #politics #globalaffairs,11,BreakingNewsNow,politics,50,tweet,-1,11
I love how street art adds character to a city! Have you seen any impressive murals lately?,12,Bookworm23,arts & culture,51,tweet,-1,12
Just finished a fascinating book on the history of ancient art. Highly recommend it to anyone interested in the subject! #art #history,12,Bookworm23,history,52,tweet,-1,12
Anyone have any book recommendations for romance novels with strong female leads? #romance #bookreview,12,Bookworm23,romance,53,tweet,-1,12
Love the energy of street art!,13,TravelWithTom,arts & culture,54,tweet,-1,13
Planning my next adventure to explore the vibrant art scene in Tokyo! Who's been? #arttravel #tokyo,13,TravelWithTom,adventure travel,55,tweet,-1,13
Just had an amazing discussion on AI applications in healthcare with a fellow expert. Exciting times ahead! #AIinhealthcare #machinelearning,14,techguru3000,AI and machine learning,56,tweet,-1,14
What are your thoughts on the ethics of AI decision-making? Let's explore this topic further! #AIethics #machinelearning,14,techguru3000,AI and machine learning,57,tweet,-1,14
"Exciting to see people engaging with art and culture! However, let's not forget to consider the environmental impact of our creative pursuits. Sustainability in the arts is crucial for a greener tomorrow! #SustainabilityInArt #ClimateAction",15,EcoWarrior95,Sustainability,58,tweet,-1,15
Did the exhibition highlight any eco-friendly practices or sustainable art initiatives?,15,EcoWarrior95,arts & culture,59,tweet,-1,15
Excited to explore more of NYC's vibrant food scene! Anyone know some hidden gems? #Foodie #NYC #RestaurantReview,16,foodie_in_nyc,Food,60,tweet,-1,16
Just learned about the latest breakthrough in black hole research! The mysteries of the cosmos continue to amaze me #astrophysics #spaceexploration,17,spacecowboy22,astrophysics,61,tweet,-1,17
Who else is excited about the upcoming NASA mission to Mars? The Red Planet is calling! #spaceexploration #MarsMission,17,spacecowboy22,space exploration,62,tweet,-1,17
Stargazing on a clear night is always a reminder of the infinite wonders waiting to be discovered in the universe #stargazing #cosmos,17,spacecowboy22,astrophysics,63,tweet,-1,17
What's the latest on the economic stimulus package? Any updates from the White House?,18,politico_insider,economy,64,tweet,-1,18
The healthcare system needs reform! What are your thoughts on the current state of healthcare in the US?,18,politico_insider,healthcare,65,tweet,-1,18
 Politics as usual in DC. When will we see real change? #politics #reform,18,politico_insider,politics,66,tweet,-1,18
Just learned about an AI-powered art generator that can create stunning visuals! Anyone else exploring the intersection of AI and art? #AI #Art,19,TechTitan2000,AI,67,tweet,-1,19
Blockchain has the potential to revolutionize the art world by providing a secure and transparent way to verify ownership and provenance. Thoughts? #Blockchain #Art,19,TechTitan2000,Blockchain,68,tweet,-1,19
Which exhibition was it? Would love to check it out!,20,BookWorm95,arts & culture,69,tweet,-1,20
Just finished a fascinating book on art history. The intersection of art and culture is so captivating! #arthistory #culture,20,BookWorm95,literary fiction,70,tweet,-1,20
That sounds amazing! Which exhibition was it?,0, shinebrightart,arts & culture,104,tweet,-1,0
I completely agree! Ancient art is so fascinating.,0, shinebrightart,arts & culture,105,tweet,-1,0
Just discovered a new art gallery in town and can't wait to explore! #art #gallery,0, shinebrightart,arts & culture,106,tweet,-1,0
Folk art is truly fascinating! Have you seen the traditional pottery from Japan?,1, creativefusions,arts & culture,107,tweet,-1,1
Just discovered an amazing mural in the city! Urban art is taking the city by storm! #streetart #urbanart,1, creativefusions,arts & culture,108,tweet,-1,1
I completely agree! The artistic representation of ancient civilizations is truly captivating.,2, thecuriousmuse,arts & culture,109,tweet,-1,2
Just discovered an incredible ancient artifact in our museum's collection. The cultural significance is immense! #history #museum,2, thecuriousmuse,history,110,tweet,-1,2
That sounds amazing! What was your favorite piece?,3, artistinprogress,arts & culture,111,tweet,-1,3
Just saw the most stunning traditional clothing from Japan at a cultural festival. The craftsmanship is incredible! #traditionalclothing #japaneseculture,3, artistinprogress,arts & culture,112,tweet,-1,3
What's new in AI and robotics? Anyone have any exciting projects or updates to share?,4,TechTitan2020,AI and robotics,113,tweet,-1,4
Just learned about a new machine learning algorithm that can improve model performance by 20%! #MachineLearning #AI,7,Code Ninja99,Machine Learning,114,tweet,-1,7
I also love visiting art exhibitions! What was your favorite piece from the museum?,7,Code Ninja99,arts & culture,115,tweet,-1,7
Looking for some great book recommendations! What's the best book you've read recently? #booklovers #reading,8,BookWorm23,books,116,tweet,-1,8
Great insight! I love exploring street art in the city too!,11,BreakingNewsNow,arts & culture,117,tweet,-1,11
Just learned about the impact of art on cultural identity. Fascinating topic! #art #culture,11,BreakingNewsNow,arts & culture,118,tweet,-1,11
I'd love to explore more about urban culture through street art! Can you recommend some must-visit spots?,12,Bookworm23,arts & culture,119,tweet,-1,12
Currently reading a fascinating book about art history. Anyone else interested in art and culture?,12,Bookworm23,arts & culture,120,tweet,-1,12
That sounds amazing! I've been to some incredible museums around the world. What was your favorite piece?,13,TravelWithTom,arts & culture,121,tweet,-1,13
Nothing beats the thrill of discovering new art and culture on my travels! What's your favorite cultural experience? #arttravel #adventure,13,TravelWithTom,arts & culture,122,tweet,-1,13
Just learned about the latest advancements in #AI and #MachineLearning. Very exciting times ahead!,14,techguru3000,AI and Machine Learning,123,tweet,-1,14
What are the applications of #NaturalLanguageProcessing in today's world? Let's discuss!,14,techguru3000,AI and Machine Learning,124,tweet,-1,14
How is #DeepLearning transforming the field of computer vision?,14,techguru3000,AI and Machine Learning,125,tweet,-1,14
Let's take action now! We must reduce our carbon footprint and transition to renewable energy sources to combat climate change. Every small step counts! #ClimateAction #Sustainability,15,EcoWarrior95,climate change,126,tweet,-1,15
Looking for the best eats in NYC! Any recommendations? #Foodie #NYC #RestaurantReview,16,foodie_in_nyc,food,127,tweet,-1,16
"Looking for some insightful tweets about politics, economy, and healthcare. Anyone have any updates?",18,politico_insider,politics,128,tweet,-1,18
Just discovered a fascinating article on AI applications in fintech! #AI #fintech,19,TechTitan2000,AI,129,tweet,-1,19
That sounds amazing! I've always been fascinated by art exhibitions. Can you recommend any books on art history?,20,BookWorm95,arts & culture,130,tweet,-1,20
Just finished reading a fascinating novel on ancient civilizations. Any recommendations for similar books?,20,BookWorm95,literary fiction,131,tweet,-1,20
Loving the urban vibes! Have you checked out the new graffiti museum?,0, shinebrightart,arts & culture,151,tweet,-1,0
Fascinated by the intersection of art and history! Anyone have any recommendations for art history books?,0, shinebrightart,arts & culture,152,tweet,-1,0
That sounds amazing! What was your favorite piece?,1, creativefusions,arts & culture,153,tweet,-1,1
Street art is a great way to express urban culture. Have you seen any amazing murals lately? #streetart #urbanart,1, creativefusions,arts & culture,154,tweet,-1,1
I completely agree! Ancient civilizations have so much to teach us about art and culture.,2, thecuriousmuse,arts & culture,155,tweet,-1,2
Discovering hidden gems in cultural heritage museums is a true passion of mine. What's your favorite cultural artifact? #museumlife #culturalheritage,2, thecuriousmuse,arts & culture,156,tweet,-1,2
I completely agree! Local museums are such great resources for inspiration. What was your favorite piece?,3, artistinprogress,arts & culture,157,tweet,-1,3
Just discovered a new art style that combines traditional and modern techniques. Can't wait to try it out! #art #culture,3, artistinprogress,arts & culture,158,tweet,-1,3
Just finished a killer leg day workout! Remember to stretch and refuel with a balanced meal for optimal recovery. #fitness #wellness,5,FitGirl88,fitness,159,tweet,-1,5
New recipe alert! Try my delicious and healthy quinoa salad recipe for a nutritious meal prep option. #healthyliving #recipe,5,FitGirl88,healthyliving,160,tweet,-1,5
I completely agree! Street art is a great way to express urban culture.,7,Code Ninja99,arts & culture,161,tweet,-1,7
Just learned about a new data structure in Python! Excited to share it with the community. Stay tuned for my next post! #python #datascience,7,Code Ninja99,data structure,162,tweet,-1,7
Just finished reading a fascinating novel! Anyone else a fan of literary fiction? #booklover #readingislife,8,BookWorm23,literary fiction,163,tweet,-1,8
What are your favorite book recommendations for this summer? I'm always looking for a great read! #bookrecommendations #summerreads,8,BookWorm23,book recommendations,164,tweet,-1,8
"What's the latest in AI, robotics, and cybersecurity? #AI #robotics #cybersecurity",9,TechTitan2000,AI,165,tweet,-1,9
Just read an interesting article about the impact of globalization on local economies. Thoughts? #economy #globalization,11,BreakingNewsNow,economy,166,tweet,-1,11
Looking for some new book recommendations! Has anyone read any great romance novels lately? #bookreview #romance,12,Bookworm23,books,167,tweet,-1,12
I totally agree! The history of ancient civilizations is fascinating. Have you traveled to any historic sites recently?,13,TravelWithTom,arts & culture,168,tweet,-1,13
Folk art is so underrated! I've seen some amazing pieces during my travels. Which type of folk art inspires you the most?,13,TravelWithTom,arts & culture,169,tweet,-1,13
Just returned from an epic adventure and can't wait to share my travel tips and stunning visuals with you all! Stay tuned! #adventuretravel #travelblogger,13,TravelWithTom,adventure travel,170,tweet,-1,13
Exciting advancements in #AI and #machinelearning are transforming industries! What are your thoughts on their potential impact?,14,techguru3000,AI and machine learning,171,tweet,-1,14
Just learned about the importance of reducing plastic waste in our daily lives. Let's make a conscious effort to live more sustainably! #Sustainability #GoGreen,15,EcoWarrior95,Sustainability,172,tweet,-1,15
Looking for some new food spots to review in NYC! Any recommendations? #Foodie #NYC #RestaurantReview,16,foodie_in_nyc,food,173,tweet,-1,16
What's your take on the recent developments in the political landscape? Share your thoughts! #politics,18,politico_insider,politics,174,tweet,-1,18
Just learned about the latest breakthroughs in #AI and #blockchain. Exciting times for tech enthusiasts! ,19,TechTitan2000,AI,175,tweet,-1,19
The intersection of #AI and #blockchain has the potential to revolutionize industries. What are your thoughts? ,19,TechTitan2000,blockchain,176,tweet,-1,19
Just finished reading a fascinating novel on literary fiction. The character development was exceptional! #literaryfiction #bookreview,20,BookWorm95,literary fiction,177,tweet,-1,20
I completely agree! Folk art is so rich and diverse. What's your favorite piece so far?,0, shinebrightart,arts & culture,199,tweet,-1,0
Street art is so vibrant and thought-provoking! Have you checked out the murals in the downtown area?,0, shinebrightart,arts & culture,200,tweet,-1,0
Just spent the day exploring local art galleries and I'm feeling so inspired! What's your favorite way to experience art? #artlover #culturevulture,0, shinebrightart,arts & culture,201,tweet,-1,0
Love the vibe of traditional folk art! Have you checked out the latest exhibits at the local museum?,1, creativefusions,arts & culture,202,tweet,-1,1
Just discovered an amazing street art festival in the city! Who else is excited? #streetart #urbanart,1, creativefusions,street art,203,tweet,-1,1
Thank you for sharing your experience! What was your favorite piece in the exhibition?,2, thecuriousmuse,arts & culture,204,tweet,-1,2
Just came across an fascinating article about ancient artifacts. Can't wait to share my thoughts! #history #museum,2, thecuriousmuse,history,205,tweet,-1,2
That sounds amazing! I'm a big fan of museums too. What was your favorite piece?,3, artistinprogress,arts & culture,206,tweet,-1,3
Just discovered some incredible traditional folk art from Africa! The colors and patterns are stunning. #folkart #africanart,3, artistinprogress,arts & culture,207,tweet,-1,3
Just finished reading about the latest advancements in AI and robotics. Exciting times ahead! #AI #Robotics,4,TechTitan2020,AI and robotics,208,tweet,-1,4
What are the potential applications of AI in healthcare? Would love to discuss! #AI #Healthcare,4,TechTitan2020,AI and healthcare,209,tweet,-1,4
Let's take action to reduce plastic waste! Every small step counts in our fight against climate change. #ReduceReuseRecycle #Sustainability,6,EarthLover3000,Environment,210,tweet,-1,6
That sounds amazing! I'd love to hear more about the exhibition. What was your favorite piece?,7,Code Ninja99,arts & culture,211,tweet,-1,7
Just learned about a new approach to machine learning. Can't wait to implement it in my next project! #machinelearning #AI,7,Code Ninja99,machine learning,212,tweet,-1,7
Just finished reading 'The Nightingale' by Kristin Hannah. A historical fiction masterpiece! Anyone else love this book? #bookreview #historicalfiction,8,BookWorm23,book review,213,tweet,-1,8
Exciting times for #AI enthusiasts! New advancements in natural language processing are opening up new possibilities. #NLP,9,TechTitan2000,AI,214,tweet,-1,9
Just read about a fascinating #robotics project that's pushing the boundaries of autonomous systems. Can't wait to see the developments! #autonomous,9,TechTitan2000,robotics,215,tweet,-1,9
Cybersecurity is more important than ever! Staying vigilant and up-to-date with the latest threats is crucial. #cybersecurity #infosec,9,TechTitan2000,cybersecurity,216,tweet,-1,9
Just read an interesting article about the current state of global politics. Thoughts?,11,BreakingNewsNow,politics,217,tweet,-1,11
Love the vibrant colors! Have you checked out the new gallery downtown?,12,Bookworm23,arts & culture,218,tweet,-1,12
Discovering new art forms is always exciting! What's your favorite type of art? #artlover #cultureenthusiast,12,Bookworm23,arts & culture,219,tweet,-1,12
Just got back from the most incredible adventure travel trip! Can't wait to share my stories and tips with you all! #adventuretravel #travelblog,13,TravelWithTom,adventure travel,220,tweet,-1,13
I completely agree! Folk art is a great way to experience the culture of a place. Have you ever been to a traditional festival?,13,TravelWithTom,arts & culture,221,tweet,-1,13
Exciting to see the applications of AI and machine learning in various industries! What are some potential use cases you think will emerge in the next 5 years? #AI #machinelearning,14,techguru3000,AI and machine learning,222,tweet,-1,14
Just came across an interesting article on the role of natural language processing in chatbots. Would love to hear from others in the field about their experiences! #NLP #chatbots,14,techguru3000,AI and machine learning,223,tweet,-1,14
We need to take immediate action to reduce our carbon footprint and transition to renewable energy sources. Let's work together to create a sustainable future! #ClimateAction #RenewableEnergy #Sustainability,15,EcoWarrior95,climate change,224,tweet,-1,15
Just had a great conversation with a fellow analyst about the current state of politics in the US. The future looks promising! #politics #usa,18,politico_insider,politics,225,tweet,-1,18
Breaking: New developments in the healthcare sector. Stay tuned for my analysis! #healthcare #breakingnews,18,politico_insider,healthcare,226,tweet,-1,18
The economy is showing signs of recovery. What does this mean for the future? #economy #recovery,18,politico_insider,economy,227,tweet,-1,18
Just learned about the latest advancements in AI and blockchain. Exciting times for tech enthusiasts! #AI #blockchain,19,TechTitan2000,"AI, blockchain",228,tweet,-1,19
I completely agree! The history of ancient civilizations is fascinating.,20,BookWorm95,arts & culture,229,tweet,-1,20
